{
    "m_playerPos": {
        "x": 2.72412109375,
        "y": -6.103433132171631,
        "z": -14.67236328125
    },
    "m_characters": [
        {
            "m_currentHp": 100.0
        }
    ]
}