{
    "m_playerPos": {
        "x": -7.5498046875,
        "y": 490.14874267578127,
        "z": 18.91412353515625
    },
    "m_characters": [
        {
            "m_currentHp": 70.0
        }
    ]
}