{
    "m_playerPos": {
        "x": 1.43212890625,
        "y": -6.102640628814697,
        "z": 6.068359375
    },
    "m_characters": [
        {
            "m_currentHp": 100.0
        }
    ]
}