{
    "m_playerPos": {
        "x": 21.44970703125,
        "y": -0.266763299703598,
        "z": -292.619140625
    },
    "m_characters": [
        {
            "m_currentHp": 100.0
        }
    ]
}