{
    "m_playerPos": {
        "x": -1.43994140625,
        "y": 493.8902893066406,
        "z": 8.26904296875
    },
    "m_characters": [
        {
            "m_currentHp": 100.0
        }
    ]
}