{
    "m_playerPos": {
<<<<<<< HEAD
        "x": 0.6340179443359375,
        "y": 493.882080078125,
        "z": 8.125602722167969
=======
        "x": 2.72412109375,
        "y": -6.103433132171631,
        "z": -14.67236328125
>>>>>>> 02024dd474acd1b905ebd1602711ad98cf1c6dd3
    },
    "m_characters": [
        {
            "m_currentHp": 10.0
        }
    ]
}