{
    "m_playerPos": {
        "x": 2.78466796875,
        "y": -6.131938457489014,
        "z": -5.98876953125
    },
    "m_characters": [
        {
            "m_currentHp": 100.0
        }
    ]
}