{
    "m_playerPos": {
        "x": -97.832275390625,
        "y": -4.603433132171631,
        "z": -43.8662109375
    },
    "m_characters": [
        {
            "m_currentHp": 100.0
        }
    ]
}