{
    "m_playerPos": {
        "x": -0.14818191528320313,
        "y": 499.9664611816406,
        "z": 13.266860961914063
    },
    "m_characters": [
        {
            "m_currentHp": 70.0
        }
    ]
}