{
    "m_playerPos": {
        "x": -6.142333984375,
        "y": -6.077059268951416,
        "z": -2.878173828125
    },
    "m_characters": [
        {
            "m_currentHp": 100.0
        }
    ]
}