{
    "m_playerPos": {
        "x": 5.0576171875,
        "y": 490.1219482421875,
        "z": 24.40234375
    },
    "m_characters": [
        {
            "m_currentHp": 100.0
        }
    ]
}