{
    "m_playerPos": {
        "x": 2.480712890625,
        "y": -6.131938457489014,
        "z": -3.489990234375
    },
    "m_characters": [
        {
            "m_currentHp": 100.0
        }
    ]
}