{
    "m_playerPos": {
        "x": 0.6340179443359375,
        "y": 493.882080078125,
        "z": 8.125602722167969
    },
    "m_characters": [
        {
            "m_currentHp": 10.0
        }
    ]
}