{
    "m_playerPos": {
        "x": 11.500396728515625,
        "y": 490.12310791015627,
        "z": -68.00860595703125
    },
    "m_characters": [
        {
            "m_currentHp": 0.0
        }
    ]
}