{
    "m_playerPos": {
        "x": -5.79736328125,
        "y": 490.11273193359377,
        "z": -10.52716064453125
    },
    "m_characters": [
        {
            "m_currentHp": 10.0
        }
    ]
}