{
    "m_playerPos": {
        "x": 19.1416015625,
        "y": -6.103433132171631,
        "z": -53.5
    },
    "m_characters": [
        {
            "m_currentHp": 100.0
        }
    ]
}