{
    "m_playerPos": {
        "x": -2.1763916015625,
        "y": 490.1343994140625,
        "z": 8.2891845703125
    },
    "m_characters": [
        {
            "m_currentHp": 100.0
        }
    ]
}