{
    "m_playerPos": {
        "x": -8.000244140625,
        "y": -6.083624839782715,
        "z": -61.54931640625
    },
    "m_characters": [
        {
            "m_currentHp": 100.0
        }
    ]
}