{
    "m_playerPos": {
        "x": -14.913330078125,
        "y": -6.069459915161133,
        "z": -53.52587890625
    },
    "m_characters": [
        {
            "m_currentHp": 100.0
        }
    ]
}