{
    "m_playerPos": {
        "x": 1.25,
        "y": 490.12322998046877,
        "z": 13.4052734375
    },
    "m_characters": [
        {
            "m_currentHp": 70.0
        }
    ]
}