{
    "m_playerPos": {
<<<<<<< Updated upstream
        "x": -2.1763916015625,
        "y": 490.1343994140625,
        "z": 8.2891845703125
=======
        "x": -53.19970703125,
        "y": -4.603433132171631,
        "z": -298.505859375
>>>>>>> Stashed changes
    },
    "m_characters": [
        {
            "m_currentHp": 100.0
        }
    ]
}