{
    "m_playerPos": {
        "x": 1.183685302734375,
        "y": 493.8797912597656,
        "z": 15.868843078613282
    },
    "m_characters": [
        {
            "m_currentHp": 10.0
        }
    ]
}