{
    "m_playerPos": {
        "x": 50.15869140625,
        "y": -6.103433132171631,
        "z": -27.566650390625
    },
    "m_characters": [
        {
            "m_currentHp": 100.0
        }
    ]
}