{
    "m_playerPos": {
        "x": -12.0517578125,
        "y": -6.057101726531982,
        "z": -9.09765625
    },
    "m_characters": [
        {
            "m_currentHp": 100.0
        }
    ]
}