{
    "m_playerPos": {
        "x": 8.193359375,
        "y": -6.103433132171631,
        "z": -54.737060546875
    },
    "m_characters": [
        {
            "m_currentHp": 100.0
        }
    ]
}