{
    "m_playerPos": {
        "x": 0.079345703125,
        "y": -6.126095771789551,
        "z": -5.48095703125
    },
    "m_characters": [
        {
            "m_currentHp": 100.0
        }
    ]
}