{
    "m_playerPos": {
        "x": 14.622314453125,
        "y": -6.103433132171631,
        "z": 3.678466796875
    },
    "m_characters": [
        {
            "m_currentHp": 100.0
        }
    ]
}