{
    "m_playerPos": {
        "x": 8.151611328125,
        "y": -6.103433132171631,
        "z": -4.958740234375
    },
    "m_characters": [
        {
            "m_currentHp": 100.0
        }
    ]
}