{
    "m_playerPos": {
        "x": 10.14404296875,
        "y": -6.131938457489014,
        "z": -7.738037109375
    },
    "m_characters": [
        {
            "m_currentHp": 100.0
        }
    ]
}